{
	"info": {
		"_postman_id": "9062946d-d72f-4626-a779-94ec9d87d87d",
		"name": "ClassPoint Backend API",
		"schema": "https://schema.getpostman.com/json/collection/v2.1.0/collection.json",
		"_exporter_id": "43748776",
		"_collection_link": "https://xorbit-2448754.postman.co/workspace/test~5390c47a-c0e2-4471-a84a-f0217e8d75eb/collection/43748776-9062946d-d72f-4626-a779-94ec9d87d87d?action=share&source=collection_link&creator=43748776"
	},
	"item": [
		{
			"name": "Auth (Teachers)",
			"item": [
				{
					"name": "Register Teacher",
					"request": {
						"method": "POST",
						"header": [
							{
								"key": "Content-Type",
								"value": "application/json"
							}
						],
						"body": {
							"mode": "raw",
							"raw": "{\n  \"username\": \"{{teacher_username}}\",\n  \"email\": \"{{teacher_email}}\",\n  \"password\": \"{{teacher_password}}\"\n}"
						},
						"url": {
							"raw": "{{base_url}}/api/users/register/",
							"host": [
								"{{base_url}}"
							],
							"path": [
								"api",
								"users",
								"register",
								""
							]
						}
					},
					"response": []
				},
				{
					"name": "Login (Obtain JWT)",
					"event": [
						{
							"listen": "test",
							"script": {
								"exec": [
									"const data = pm.response.json();",
									"if (data && data.access) { pm.environment.set('teacher_jwt', data.access); }",
									"if (data && data.refresh) { pm.environment.set('teacher_refresh', data.refresh); }"
								],
								"type": "text/javascript"
							}
						}
					],
					"request": {
						"method": "POST",
						"header": [
							{
								"key": "Content-Type",
								"value": "application/json"
							}
						],
						"body": {
							"mode": "raw",
							"raw": "{\n  \"username\": \"{{teacher_username}}\",\n  \"password\": \"{{teacher_password}}\"\n}"
						},
						"url": {
							"raw": "{{base_url}}/api/users/login/",
							"host": [
								"{{base_url}}"
							],
							"path": [
								"api",
								"users",
								"login",
								""
							]
						}
					},
					"response": []
				},
				{
					"name": "Refresh Token",
					"event": [
						{
							"listen": "test",
							"script": {
								"exec": [
									"const data = pm.response.json();",
									"if (data && data.access) { pm.environment.set('teacher_jwt', data.access); }"
								],
								"type": "text/javascript"
							}
						}
					],
					"request": {
						"method": "POST",
						"header": [
							{
								"key": "Content-Type",
								"value": "application/json"
							}
						],
						"body": {
							"mode": "raw",
							"raw": "{\n  \"refresh\": \"{{teacher_refresh}}\"\n}"
						},
						"url": {
							"raw": "{{base_url}}/api/users/token/refresh/",
							"host": [
								"{{base_url}}"
							],
							"path": [
								"api",
								"users",
								"token",
								"refresh",
								""
							]
						}
					},
					"response": []
				}
			]
		},
		{
			"name": "Courses",
			"item": [
				{
					"name": "List Courses",
					"request": {
						"method": "GET",
						"header": [
							{
								"key": "Authorization",
								"value": "Bearer {{teacher_jwt}}"
							}
						],
						"url": {
							"raw": "{{base_url}}/api/courses/",
							"host": [
								"{{base_url}}"
							],
							"path": [
								"api",
								"courses",
								""
							]
						}
					},
					"response": []
				},
				{
					"name": "Create Course",
					"request": {
						"method": "POST",
						"header": [
							{
								"key": "Authorization",
								"value": "Bearer {{teacher_jwt}}"
							},
							{
								"key": "Content-Type",
								"value": "application/json"
							}
						],
						"body": {
							"mode": "raw",
							"raw": "{\n  \"name\": \"{{course_name}}\"\n}"
						},
						"url": {
							"raw": "{{base_url}}/api/courses/",
							"host": [
								"{{base_url}}"
							],
							"path": [
								"api",
								"courses",
								""
							]
						}
					},
					"response": []
				},
				{
					"name": "Get Course",
					"request": {
						"method": "GET",
						"header": [
							{
								"key": "Authorization",
								"value": "Bearer {{teacher_jwt}}"
							}
						],
						"url": {
							"raw": "{{base_url}}/api/courses/{{course_id}}/",
							"host": [
								"{{base_url}}"
							],
							"path": [
								"api",
								"courses",
								"{{course_id}}",
								""
							]
						}
					},
					"response": []
				}
			]
		},
		{
			"name": "Classes",
			"item": [
				{
					"name": "List Classes",
					"request": {
						"method": "GET",
						"header": [
							{
								"key": "Authorization",
								"value": "Bearer {{teacher_jwt}}"
							}
						],
						"url": {
							"raw": "{{base_url}}/api/classes/",
							"host": [
								"{{base_url}}"
							],
							"path": [
								"api",
								"classes",
								""
							]
						}
					},
					"response": []
				},
				{
					"name": "Create Class from Course",
					"request": {
						"method": "POST",
						"header": [
							{
								"key": "Authorization",
								"value": "Bearer {{teacher_jwt}}"
							},
							{
								"key": "Content-Type",
								"value": "application/json"
							}
						],
						"body": {
							"mode": "raw",
							"raw": "{\n  \"course_id\": {{course_id}}\n}"
						},
						"url": {
							"raw": "{{base_url}}/api/classes/create-class/",
							"host": [
								"{{base_url}}"
							],
							"path": [
								"api",
								"classes",
								"create-class",
								""
							]
						}
					},
					"response": []
				},
				{
					"name": "Get Class",
					"request": {
						"method": "GET",
						"header": [
							{
								"key": "Authorization",
								"value": "Bearer {{teacher_jwt}}"
							}
						],
						"url": {
							"raw": "{{base_url}}/api/classes/{{class_id}}/",
							"host": [
								"{{base_url}}"
							],
							"path": [
								"api",
								"classes",
								"{{class_id}}",
								""
							]
						}
					},
					"response": []
				},
				{
					"name": "End Class",
					"request": {
						"method": "PATCH",
						"header": [
							{
								"key": "Authorization",
								"value": "Bearer {{teacher_jwt}}"
							},
							{
								"key": "Content-Type",
								"value": "application/json"
							}
						],
						"body": {
							"mode": "raw",
							"raw": "{\n  \"active\": false\n}"
						},
						"url": {
							"raw": "{{base_url}}/api/classes/{{class_id}}/end/",
							"host": [
								"{{base_url}}"
							],
							"path": [
								"api",
								"classes",
								"{{class_id}}",
								"end",
								""
							]
						}
					},
					"response": []
				}
			]
		},
		{
			"name": "Quizzes",
			"item": [
				{
					"name": "Multi-Quiz",
					"item": [
						{
							"name": "List Multi-Quiz",
							"request": {
								"method": "GET",
								"header": [
									{
										"key": "Authorization",
										"value": "Bearer {{teacher_jwt}}"
									}
								],
								"url": {
									"raw": "{{base_url}}/api/quizzes/multi-quiz/",
									"host": [
										"{{base_url}}"
									],
									"path": [
										"api",
										"quizzes",
										"multi-quiz",
										""
									]
								}
							},
							"response": []
						},
						{
							"name": "Create Multi-Quiz",
							"request": {
								"method": "POST",
								"header": [
									{
										"key": "Authorization",
										"value": "Bearer {{teacher_jwt}}"
									},
									{
										"key": "Content-Type",
										"value": "application/json"
									}
								],
								"body": {
									"mode": "raw",
									"raw": "{\n  \"title\": \"Math Assessment\",\n  \"course\": {{course_id}},\n  \"questions\": [\n    {\n      \"title\": \"Question 1: What is 2+2?\",\n      \"quiz_type\": \"multiple_choice\",\n      \"question_order\": 1,\n      \"properties\": {\n        \"question_text\": \"What is 2 + 2?\",\n        \"choices\": [\n          {\"text\": \"3\", \"is_correct\": false},\n          {\"text\": \"4\", \"is_correct\": true},\n          {\"text\": \"5\", \"is_correct\": false}\n        ]\n      }\n    },\n    {\n      \"title\": \"Question 2: Explain addition\",\n      \"quiz_type\": \"short_answer\",\n      \"question_order\": 2,\n      \"properties\": {\n        \"question_text\": \"Explain the concept of addition\",\n        \"correct_answer\": \"Addition is combining numbers\",\n        \"expected_keywords\": \"combining, numbers, sum\"\n      }\n    },\n    {\n      \"title\": \"Question 3: List math terms\",\n      \"quiz_type\": \"word_cloud\",\n      \"question_order\": 3,\n      \"properties\": {\n        \"question_text\": \"List math terms\",\n        \"max_words_per_student\": 5\n      }\n    }\n  ]\n}"
								},
								"url": {
									"raw": "{{base_url}}/api/quizzes/multi-quiz/",
									"host": [
										"{{base_url}}"
									],
									"path": [
										"api",
										"quizzes",
										"multi-quiz",
										""
									]
								}
							},
							"response": []
						},
						{
							"name": "Get Multi-Quiz",
							"request": {
								"method": "GET",
								"header": [
									{
										"key": "Authorization",
										"value": "Bearer {{teacher_jwt}}"
									}
								],
								"url": {
									"raw": "{{base_url}}/api/quizzes/multi-quiz/{{multi_question_id}}/",
									"host": [
										"{{base_url}}"
									],
									"path": [
										"api",
										"quizzes",
										"multi-quiz",
										"{{multi_question_id}}",
										""
									]
								}
							},
							"response": []
						},
						{
							"name": "Delete Multi-Quiz",
							"request": {
								"method": "DELETE",
								"header": [
									{
										"key": "Authorization",
										"value": "Bearer {{teacher_jwt}}"
									}
								],
								"url": {
									"raw": "{{base_url}}/api/quizzes/multi-quiz/{{multi_question_id}}/",
									"host": [
										"{{base_url}}"
									],
									"path": [
										"api",
										"quizzes",
										"multi-quiz",
										"{{multi_question_id}}",
										""
									]
								}
							},
							"response": []
						}
					]
				},
				{
					"name": "StandAlone Quiz",
					"item": [
						{
							"name": "Get Quiz",
							"request": {
								"method": "GET",
								"header": [
									{
										"key": "Authorization",
										"value": "Bearer {{teacher_jwt}}"
									}
								],
								"url": {
									"raw": "{{base_url}}/api/quizzes/{{quiz_id}}/",
									"host": [
										"{{base_url}}"
									],
									"path": [
										"api",
										"quizzes",
										"{{quiz_id}}",
										""
									]
								}
							},
							"response": []
						},
						{
							"name": "List Quizzes",
							"request": {
								"method": "GET",
								"header": [
									{
										"key": "Authorization",
										"value": "Bearer {{teacher_jwt}}"
									}
								],
								"url": {
									"raw": "{{base_url}}/api/quizzes/",
									"host": [
										"{{base_url}}"
									],
									"path": [
										"api",
										"quizzes",
										""
									]
								}
							},
							"response": []
						},
						{
							"name": "Create Multiple Choice Quiz (single request)",
							"request": {
								"method": "POST",
								"header": [
									{
										"key": "Authorization",
										"value": "Bearer {{teacher_jwt}}"
									},
									{
										"key": "Content-Type",
										"value": "application/json"
									}
								],
								"body": {
									"mode": "raw",
									"raw": "{\n  \"course\": {{course_id}},\n  \"title\": \"Prime numbers\",\n  \"properties\": {\n    \"question_text\": \"Select prime numbers\",\n    \"allow_multiple_choices\": true,\n    \"choices\": [\n      {\"text\": \"2\", \"is_correct\": true},\n      {\"text\": \"3\", \"is_correct\": true},\n      {\"text\": \"4\", \"is_correct\": false}\n    ],\n    \"number_of_choices\": 3,\n    \"has_correct_answer\": true,\n    \"competition_mode\": false,\n    \"randomize_choice_order\": false,\n    \"points_per_correct\": 1,\n    \"penalty_per_wrong\": 0\n  }\n}"
								},
								"url": {
									"raw": "{{base_url}}/api/quizzes/create/multiple-choice/",
									"host": [
										"{{base_url}}"
									],
									"path": [
										"api",
										"quizzes",
										"create",
										"multiple-choice",
										""
									]
								}
							},
							"response": []
						},
						{
							"name": "Create Word Cloud Quiz (single request)",
							"request": {
								"method": "POST",
								"header": [
									{
										"key": "Authorization",
										"value": "Bearer {{teacher_jwt}}"
									},
									{
										"key": "Content-Type",
										"value": "application/json"
									}
								],
								"body": {
									"mode": "raw",
									"raw": "{\n  \"course\": {{course_id}},\n  \"title\": \"Describe recursion\",\n  \"properties\": {\n    \"question_text\": \"One word describing recursion\",\n    \"max_words_per_student\": 1,\n    \"allow_duplicates\": false,\n    \"normalize_case\": true\n  }\n}"
								},
								"url": {
									"raw": "{{base_url}}/api/quizzes/create/word-cloud/",
									"host": [
										"{{base_url}}"
									],
									"path": [
										"api",
										"quizzes",
										"create",
										"word-cloud",
										""
									]
								}
							},
							"response": []
						},
						{
							"name": "Create Short Answer Quiz (single request)",
							"request": {
								"method": "POST",
								"header": [
									{
										"key": "Authorization",
										"value": "Bearer {{teacher_jwt}}"
									},
									{
										"key": "Content-Type",
										"value": "application/json"
									}
								],
								"body": {
									"mode": "raw",
									"raw": "{\n  \"course\": {{course_id}},\n  \"title\": \"Capital of France\",\n  \"properties\": {\n    \"question_text\": \"What is the capital of France?\",\n    \"correct_answer\": \"Paris\",\n    \"expected_keywords\": \"paris, capital\",\n    \"case_sensitive\": false,\n    \"max_length\": 200,\n    \"use_regex\": false\n  }\n}"
								},
								"url": {
									"raw": "{{base_url}}/api/quizzes/create/short-answer/",
									"host": [
										"{{base_url}}"
									],
									"path": [
										"api",
										"quizzes",
										"create",
										"short-answer",
										""
									]
								}
							},
							"response": []
						},
						{
							"name": "Create Image Upload Quiz",
							"request": {
								"method": "POST",
								"header": [
									{
										"key": "Authorization",
										"value": "Bearer {{teacher_jwt}}"
									},
									{
										"key": "Content-Type",
										"value": "application/json"
									}
								],
								"body": {
									"mode": "raw",
									"raw": "{\n  \"course\": {{course_id}},\n  \"title\": \"Upload Photo Assignment\",\n  \"quiz_type\": \"image_upload\",\n  \"properties\": {\n    \"question_text\": \"Upload a photo of your completed homework\",\n    \"max_file_size_mb\": 5,\n    \"allowed_formats\": \"jpg,png,jpeg\"\n  }\n}"
								},
								"url": {
									"raw": "{{base_url}}/api/quizzes/",
									"host": [
										"{{base_url}}"
									],
									"path": [
										"api",
										"quizzes",
										""
									]
								}
							},
							"response": []
						}
					]
				},
				{
					"name": "Delete Quiz",
					"request": {
						"method": "DELETE",
						"header": [
							{
								"key": "Authorization",
								"value": "Bearer {{teacher_jwt}}"
							}
						],
						"url": {
							"raw": "{{base_url}}/api/quizzes/{{quiz_id}}/",
							"host": [
								"{{base_url}}"
							],
							"path": [
								"api",
								"quizzes",
								"{{quiz_id}}",
								""
							]
						}
					},
					"response": []
				},
				{
					"name": "Update Quiz",
					"request": {
						"method": "PATCH",
						"header": [
							{
								"key": "Authorization",
								"value": "Bearer {{teacher_jwt}}"
							},
							{
								"key": "Content-Type",
								"value": "application/json"
							}
						],
						"body": {
							"mode": "raw",
							"raw": "{\n  \"title\": \"{{quiz_title_updated}}\"\n}"
						},
						"url": {
							"raw": "{{base_url}}/api/quizzes/{{quiz_id}}/",
							"host": [
								"{{base_url}}"
							],
							"path": [
								"api",
								"quizzes",
								"{{quiz_id}}",
								""
							]
						}
					},
					"response": []
				}
			]
		},
		{
			"name": "Students",
			"item": [
				{
					"name": "Auth",
					"item": [
						{
							"name": "Join Class (Unauthenticated)",
							"request": {
								"method": "POST",
								"header": [
									{
										"key": "Content-Type",
										"value": "application/json"
									}
								],
								"body": {
									"mode": "raw",
									"raw": "{\n  \"full_name\": \"{{student_name}}\",\n  \"class_code\": \"{{class_code}}\"\n}"
								},
								"url": {
									"raw": "{{base_url}}/api/students/join/",
									"host": [
										"{{base_url}}"
									],
									"path": [
										"api",
										"students",
										"join",
										""
									]
								}
							},
							"response": []
						}
					]
				},
				{
					"name": "Standalone Quizzes",
					"item": [
						{
							"name": "List Available Quizzes (Student Token)",
							"request": {
								"method": "GET",
								"header": [
									{
										"key": "Authorization",
										"value": "Bearer {{student_token}}"
									}
								],
								"url": {
									"raw": "{{base_url}}/api/students/quizzes/",
									"host": [
										"{{base_url}}"
									],
									"path": [
										"api",
										"students",
										"quizzes",
										""
									]
								}
							},
							"response": []
						}
					]
				},
				{
					"name": "Multi-Quiz",
					"item": [
						{
							"name": "List Available Multi-Quiz (Student Token)",
							"request": {
								"method": "GET",
								"header": [
									{
										"key": "Authorization",
										"value": "Bearer {{student_token}}"
									}
								],
								"url": {
									"raw": "{{base_url}}/api/students/multi-quiz/",
									"host": [
										"{{base_url}}"
									],
									"path": [
										"api",
										"students",
										"multi-quiz",
										""
									]
								}
							},
							"response": []
						},
						{
							"name": "Get Multi-Quiz Questions (Student Token)",
							"request": {
								"method": "GET",
								"header": [
									{
										"key": "Authorization",
										"value": "Bearer {{student_token}}"
									}
								],
								"url": {
									"raw": "{{base_url}}/api/students/multi-quiz/{{multi_question_id}}/",
									"host": [
										"{{base_url}}"
									],
									"path": [
										"api",
										"students",
										"multi-quiz",
										"{{multi_question_id}}",
										""
									]
								}
							},
							"response": []
						}
					]
				},
				{
					"name": "enrollments",
					"item": [
						{
							"name": "List Enrollments (by student_id)",
							"request": {
								"method": "GET",
								"header": [],
								"url": {
									"raw": "{{base_url}}/api/students/enrollments/?student_id={{student_id}}",
									"host": [
										"{{base_url}}"
									],
									"path": [
										"api",
										"students",
										"enrollments",
										""
									],
									"query": [
										{
											"key": "student_id",
											"value": "{{student_id}}"
										}
									]
								}
							},
							"response": []
						}
					]
				},
				{
					"name": "answers",
					"item": [
						{
							"name": "List Answers (by student_id)",
							"request": {
								"method": "GET",
								"header": [],
								"url": {
									"raw": "{{base_url}}/api/students/answers/?student_id={{student_id}}",
									"host": [
										"{{base_url}}"
									],
									"path": [
										"api",
										"students",
										"answers",
										""
									],
									"query": [
										{
											"key": "student_id",
											"value": "{{student_id}}"
										}
									]
								}
							},
							"response": []
						},
						{
							"name": "List Answers (Teacher Token)",
							"request": {
								"method": "GET",
								"header": [
									{
										"key": "Authorization",
										"value": "Bearer {{teacher_jwt}}"
									}
								],
								"url": {
									"raw": "{{base_url}}/api/students/answers/",
									"host": [
										"{{base_url}}"
									],
									"path": [
										"api",
										"students",
										"answers",
										""
									]
								}
							},
							"response": []
						},
						{
							"name": "Create Answer - Image Upload (Student Token)",
							"request": {
								"method": "POST",
								"header": [
									{
										"key": "Authorization",
										"value": "Bearer {{student_token}}"
									}
								],
								"body": {
									"mode": "formdata",
									"formdata": [
										{
											"key": "quiz_id",
											"value": "{{image_upload_quiz_id}}",
											"type": "text",
											"description": "ID of the image upload quiz"
										},
										{
											"key": "uploaded_file",
											"type": "file",
											"src": "path/to/image.jpg",
											"description": "Image file (jpg, png, jpeg). Max size: 5MB"
										}
									]
								},
								"url": {
									"raw": "{{base_url}}/api/students/answers/",
									"host": [
										"{{base_url}}"
									],
									"path": [
										"api",
										"students",
										"answers",
										""
									]
								}
							},
							"response": []
						},
						{
							"name": "Create Answer - Drawing (Student Token) [NOT_IMPLEMENTED]",
							"request": {
								"method": "POST",
								"header": [
									{
										"key": "Authorization",
										"value": "Bearer {{student_token}}"
									}
								],
								"body": {
									"mode": "formdata",
									"formdata": [
										{
											"key": "quiz_id",
											"value": "{{quiz_id}}",
											"type": "text"
										},
										{
											"key": "uploaded_file",
											"type": "file",
											"src": "path/to/drawing.png"
										}
									]
								},
								"url": {
									"raw": "{{base_url}}/api/students/answers/",
									"host": [
										"{{base_url}}"
									],
									"path": [
										"api",
										"students",
										"answers",
										""
									]
								}
							},
							"response": []
						},
						{
							"name": "Create Answer - Multiple Choice (Student Token)",
							"request": {
								"method": "POST",
								"header": [
									{
										"key": "Authorization",
										"value": "Bearer {{student_token}}"
									},
									{
										"key": "Content-Type",
										"value": "application/json"
									}
								],
								"body": {
									"mode": "raw",
									"raw": "{\n  \"quiz_id\": {{quiz_id}},\n  \"selected_choice_indices\": [0, 2]\n}",
									"options": {
										"raw": {
											"language": "json"
										}
									}
								},
								"url": {
									"raw": "{{base_url}}/api/students/answers/",
									"host": [
										"{{base_url}}"
									],
									"path": [
										"api",
										"students",
										"answers",
										""
									]
								}
							},
							"response": []
						},
						{
							"name": "Create Answer - Short Answer (Student Token)",
							"request": {
								"method": "POST",
								"header": [
									{
										"key": "Authorization",
										"value": "Bearer {{student_token}}"
									},
									{
										"key": "Content-Type",
										"value": "application/json"
									}
								],
								"body": {
									"mode": "raw",
									"raw": "{\n  \"quiz_id\": {{quiz_id}},\n  \"answer_text\": \"{{answer_text}}\"\n}"
								},
								"url": {
									"raw": "{{base_url}}/api/students/answers/",
									"host": [
										"{{base_url}}"
									],
									"path": [
										"api",
										"students",
										"answers",
										""
									]
								}
							},
							"response": []
						},
						{
							"name": "Create Answer - Word Cloud (Student Token)",
							"request": {
								"method": "POST",
								"header": [
									{
										"key": "Authorization",
										"value": "Bearer {{student_token}}"
									},
									{
										"key": "Content-Type",
										"value": "application/json"
									}
								],
								"body": {
									"mode": "raw",
									"raw": "{\n  \"quiz_id\": {{quiz_id}},\n  \"answer_text\": \"recursion, function, loop\"\n}",
									"options": {
										"raw": {
											"language": "json"
										}
									}
								},
								"url": {
									"raw": "{{base_url}}/api/students/answers/",
									"host": [
										"{{base_url}}"
									],
									"path": [
										"api",
										"students",
										"answers",
										""
									]
								}
							},
							"response": []
						},
						{
							"name": "List Answers (Student Token)",
							"request": {
								"method": "GET",
								"header": [
									{
										"key": "Authorization",
										"value": "Bearer {{student_token}}"
									}
								],
								"url": {
									"raw": "{{base_url}}/api/students/answers/",
									"host": [
										"{{base_url}}"
									],
									"path": [
										"api",
										"students",
										"answers",
										""
									]
								}
							},
							"response": []
						},
						{
							"name": "List Students (by student_id)",
							"request": {
								"method": "GET",
								"header": [],
								"url": {
									"raw": "{{base_url}}/api/students/?student_id={{student_id}}",
									"host": [
										"{{base_url}}"
									],
									"path": [
										"api",
										"students",
										""
									],
									"query": [
										{
											"key": "student_id",
											"value": "{{student_id}}"
										}
									]
								}
							},
							"response": []
						}
					]
				}
			]
		},
		{
			"name": "Delete Quiz",
			"request": {
				"method": "DELETE",
				"header": [
					{
						"key": "Authorization",
						"value": "Bearer {{teacher_jwt}}"
					}
				],
				"url": {
					"raw": "{{base_url}}/api/quizzes/{{quiz_id}}/",
					"host": [
						"{{base_url}}"
					],
					"path": [
						"api",
						"quizzes",
						"{{quiz_id}}",
						""
					]
				}
			},
			"response": []
		}
	],
	"variable": [
		{
			"key": "base_url",
			"value": "http://localhost:8000"
		},
		{
			"key": "teacher_username",
			"value": "workflow_teacher"
		},
		{
			"key": "teacher_email",
			"value": "teacher@test.com"
		},
		{
			"key": "teacher_password",
			"value": "testpass123"
		},
		{
			"key": "teacher_jwt",
			"value": ""
		},
		{
			"key": "teacher_refresh",
			"value": ""
		},
		{
			"key": "course_name",
			"value": "Mathematics 101 - Algebra"
		},
		{
			"key": "course_id",
			"value": "1"
		},
		{
			"key": "class_id",
			"value": "1"
		},
		{
			"key": "class_code",
			"value": "1234"
		},
		{
			"key": "student_name",
			"value": "Test Student"
		},
		{
			"key": "student_id",
			"value": "1"
		},
		{
			"key": "student_token",
			"value": ""
		},
		{
			"key": "quiz_id",
			"value": "1"
		},
		{
			"key": "multi_question_id",
			"value": ""
		},
		{
			"key": "multi_quiz_question1_id",
			"value": "1"
		},
		{
			"key": "multi_quiz_question2_id",
			"value": "2"
		},
		{
			"key": "multi_quiz_question3_id",
			"value": "3"
		},
		{
			"key": "quiz_title",
			"value": "Sample Quiz"
		},
		{
			"key": "quiz_title_updated",
			"value": "Updated Sample Quiz"
		},
		{
			"key": "answer_text",
			"value": "My answer"
		}
	]
}